{
  "features": [
    {
      "feature_name": "cur_state_cate_fea",
      "hive_feature_names": ["poi_id"],
      "concat_separator" : ",",
      "value_type": "string"
    },
    {
      "feature_name": "next_state_cate_fea",
      "hive_feature_names": ["poi_id"],
      "value_type": "string"
    },
    {
      "feature_name": "cur_state_dynamic_fea",
      "hive_feature_names": ["rawbid","precisebid","demandbiztype","supplybiztype","is_expose","is_click","final_charge","is_order","revenue","unused","click","user_tag_pref_click_3day","hour","user_ord_num_weekdays","charge_before2week","order_num_before2week","impr_before1week","feacomp_cvr","click_before1week","lowerk","real_cpc","real_csm","revenue_before3week","cpc_before1week","charge_before3week","winningscore_comp12","impr","real_cst_bdgt","real_abln","feacomp_ctr","real_expose","real_revenue","revenue_before2week","ratioctr","real_price","lowerbid","ratio_aimcpc","cpc_before4week","order_num_before3week","histctr","mt_butie_before2week","mt_butie_before3week","real_budget","order_num_before4week","cpc","order_num_before1week","revenue_before1week","mt_butie","cpc_before2week","cpc_before3week","aimcpc","mt_butie_before1week","real_csm_bln","click_before3week","charge_before1week","click_before4week","click_before2week","real_click","winningscore_qs","cityid","ratio_click","prod","ratioctr_exp","upperk","charge","revenue_before4week","ctr","order_num","impr_before4week","impr_before2week","mt_butie_before4week","real_order","ratio_cpc","impr_before3week","charge_before4week","real_bln"],
      "value_type": "float32"
    },
    {
      "feature_name": "next_state_dynamic_fea",
      "hive_feature_names": ["next_rawbid","next_precisebid","next_demandbiztype","next_supplybiztype","next_is_expose","next_is_click","next_final_charge","next_is_order","next_revenue","next_unused","next_click","next_user_tag_pref_click_3day","next_hour","next_user_ord_num_weekdays","next_charge_before2week","next_order_num_before2week","next_impr_before1week","next_feacomp_cvr","next_click_before1week","next_lowerk","next_real_cpc","next_real_csm","next_revenue_before3week","next_cpc_before1week","next_charge_before3week","next_winningscore_comp12","next_impr","next_real_cst_bdgt","next_real_abln","next_feacomp_ctr","next_real_expose","next_real_revenue","next_revenue_before2week","next_ratioctr","next_real_price","next_lowerbid","next_ratio_aimcpc","next_cpc_before4week","next_order_num_before3week","next_histctr","next_mt_butie_before2week","next_mt_butie_before3week","next_real_budget","next_order_num_before4week","next_cpc","next_order_num_before1week","next_revenue_before1week","next_mt_butie","next_cpc_before2week","next_cpc_before3week","next_aimcpc","next_mt_butie_before1week","next_real_csm_bln","next_click_before3week","next_charge_before1week","next_click_before4week","next_click_before2week","next_real_click","next_winningscore_qs","next_cityid","next_ratio_click","next_prod","next_ratioctr_exp","next_upperk","next_charge","next_revenue_before4week","next_ctr","next_order_num","next_impr_before4week","next_impr_before2week","next_mt_butie_before4week","next_real_order","next_ratio_cpc","next_impr_before3week","next_charge_before4week","next_real_bln"],
      "value_type": "float32"
    }
  ]
}