<?xml version="1.0"?>
<?xml-stylesheet type="text/xsl" href="configuration.xsl"?>

<configuration>
    <!-- <property>
        <name>afo.app.virtualenv.version.tf1.10_mt1.0.0_beta.path</name>
        <value>viewfs://hadoop-meituan/ghnn01/yarn/var/afo/tensorflow/virtualenv/release/tf1.10_mt1.0.6-centos6-cpu-venv.tar.gz</value>
    </property>

    <property>
        <name>afo.engine.tensorflow.virtualenv.name</name>
        <value>tf1.10_mt1.0.0_beta</value>
    </property>
    
    <property>
        <name>afo.container.mode</name>
        <value>host</value>
    </property> -->
    <property>
        <name>afo.app.name</name>
        <value>pt_ocpm_bid_adjust_rl_model</value>
    </property>
    <property>
        <name>afo.app.queue</name>
        <!-- <value>root.zw03.hadoop-waimai.ad_tf</value> -->
        <!-- <value>root.zw03.hadoop-waimai.ad_tf</value> -->
        <!-- <value>root.zw03_training.hadoop-waimaiadrd.cpu</value> -->
        <value>root.zw05_training_cluster.hadoop-waimaiadrd.cpu_job</value>
    </property>

    <property>
        <name>afo.app.queue</name>
        <value>root.zw05_training_cluster.hadoop-waimaiadrd.cpu_job</value>
    </property>

    <property>
        <name>parameter.servers</name>
        <value>5</value>
    </property>
    <property>
        <name>parameter.server.memory</name>
        <value>62400</value>
    </property>
    <property>
        <name>parameter.server.vcore</name>
        <value>16</value>
    </property>
    <property>
        <name>parameter.server.gpu</name>
        <value>0</value>
    </property>
    <property>
        <name>workers</name>
        <value>10</value>
    </property>
    <property>
        <name>worker.memory</name>
        <value>102400</value>
    </property>
    <property>
        <name>worker.vcore</name>
        <value>16</value>
    </property>
    <property>
        <name>worker.gpu</name>
        <value>0</value>
    </property>
    <!-- defined ps/worker main python script -->
    <property>
        <name>parameter.server.script</name>
        <value>python main.py</value>
    </property>
    <property>
        <name>worker.script</name>
        <value>python main.py</value>
    </property>
    <!-- worker 拉取后的文件是否 打平，此属性默认为true -->
    <property>
        <name>worker.input.flatten</name>
        <value>true</value>
    </property>
    <!-- worker 拉取后的文件目录，默认值为inputs，非必要时，尽量不要修改 -->
    <property>
        <name>worker.input.local.dir</name>
        <value>inputs</value>
    </property>
    <!-- worker 拉取后的文件目录是否包含hdfs上的父一级目录，默认值为false -->
    <property>
        <name>finish.by.chief</name>
        <value>true</value>
    </property>

    <property>
        <name>worker.input.local.include_parent</name>
        <value>false</value>
    </property>

    <property>
        <name>with.tensor.board</name>
        <value>true</value>
    </property>
    <property>
        <name>afo.data.async.save.ckpt</name>
        <value>true</value>
    </property>

    <property>
        <name>afo.role.worker.exit-with-chief</name>
        <value>false</value>
    </property>
    <property>
        <name>afo.use.data.dispatch</name>
        <value>true</value>
    </property>
    <property>
        <name>with.chief</name>
        <value>true</value>
    </property>
    <property>
        <name>chief.memory</name>
        <value>102400</value>
    </property>
    <property>
        <name>chief.vcore</name>
        <value>16</value>
    </property>
    <property>
        <name>chief.gpu</name>
        <value>0</value>
    </property>
    <property>
        <name>chief.script</name>
        <value>python main.py</value>
    </property>
    <property>
        <name>afo.prefetch.data</name>
        <value>false</value>
    </property>

        <!-- data prefetch线程数 -->
    <property>
        <name>afo.role.worker.env.AFO_PREFETCH_PROCESS</name>
        <value>8</value>
    </property>

    <!-- 2.分别配置每个分组的数据被哪些节点预拉取 -->
    <!-- 如果配置不同类型节点共享同一个数据源分组，该分组的数据会均匀切片并分配到每个节点-->
    <property>
        <name>afo.prefetch.roles.train</name>
        <value>worker</value>
    </property>
    <property>
        <name>afo.prefetch.roles.eval</name>
        <value>evaluator</value>
    </property>
    <!-- 3.配置每个分组的数据源地址,同一分组的多个数据源按逗号分隔-->
<!-- 大象提醒相关配置-->
    <!-- 大象消息接收者,必填，无该配置（或为空）则表示不使用提醒功能-->
    <property>
        <name>afo.xm.notice.receivers.account</name>
        <value>wanghao251</value>
    </property>
    <property>
        <name>afo.app.yarn.allocate.timeout.seconds</name>
        <value>36000</value>
    </property>
    <property>
        <name>afo.data.dispatch.policy</name>
        <value>com.sankuai.data.mtmlp.afo.data.policy.ShufflePolicy</value>
    </property>



    <property>
        <name>afo.data.disable.chief.training</name>
        <value>True</value>
    </property>

    <property>
         <name>app.marking-finish-roles</name>
         <value>chief</value>
    </property>

     <property>
        <name>afo.data.max.epoch</name>
        <value>50000</value>
    </property>

    <property>
        <name>afo.use.data.dispatch</name>
        <value>true</value>
    </property>

    <property>
        <name>worker.input.key</name>
        <value>args.train_data</value>
    </property>



    <!--Start: 以下配置定义了如何利用afo进行数据拆分，并拉取到每个container的什么位置-->
    <property>
        <name>afo.prefetch.data.group</name>
        <value>train,eval</value>
    </property>

    <property>
        <name>afo.afo-base.image.name</name>
        <value>registryonline-hulk.sankuai.com/custom_prod/com.sankuai.data.hadoop.gpu/data_cog_hive_cuda11.0-8b7809e8</value>
    </property>
    <property>
        <name>afo.docker.image.name</name>
        <value>registryonline-hulk.sankuai.com/custom_prod/com.sankuai.data.hadoop.gpu/data-hadoop-hmart-hdp_afo-base-readhive:v1.1.16</value>
    </property>
    <!-- <property>
        <name>afo.prefetch.data.path.train</name>
        <value>viewfs://hadoop-meituan/ghnn01/hadoop-hdp/yangyifan03/crash_course/wide_deep/data/train</value>
    </property> -->
    <!-- <property>
        <name>afo.prefetch.data.path.eval</name>
        <value>viewfs://hadoop-meituan/ghnn01/hadoop-hdp/yangyifan03/crash_course/wide_deep/data/eval</value>
    </property> -->
    <!-- <property>
        <name>worker.input.local.dir</name>
        <value>inputs</value>
    </property> -->
    <!--End-->


</configuration>
